name,presicion,recall,F1
TSS,0.267973026,0.2,0.226490196
CeIO,0.410512266,0.336842105,0.359037311
BTMS,0.8101,0.9022,0.853673095
H2S,0.345109058,0.155555556,0.211461035
Lab Requisition Management System,0.389680451,0.155555556,0.348415964
Hotel Booking Management System (HBMS),0.138768647,0.155555556,0.176791834
SHAS,0.511777723,0.155555556,0.365207711
OTS,0.241856338,0.155555556,0.202285837
DBA,0.417402585,0.155555556,0.45176118
TiOA,0.436464116,0.155555556,0.253906603
