name,presicion,recall,F1
TSS,0.268118598,0.185714286,0.210217294
CeIO,0.378386288,0.373684211,0.367539861
BTMS,0.8255,0.8377,0.831555255
H2S,0.398304473,0.177777778,0.244213872
Lab Requisition Management System,0.405285948,0.313636364,0.35296008
Hotel Booking Management System (HBMS),0.111724876,0.246666667,0.150651087
SHAS,0.47510101,0.266666667,0.336730886
OTS,0.238583455,0.195,0.212601969
DBA,0.39644836,0.468421053,0.427851164
TiOA,0.312059676,0.225,0.249614162
